{"A1": [1, 0.5, 0.3333333333333333, 0.25, 0.2, 0.16666666666666666, 0.14285714285714285, 0.125], "A2": [2, 1, 0.6666666666666666, 0.5, 0.4, 0.3333333333333333, 0.2857142857142857, 0.25], "A3": [3, 1.5, 1, 0.75, 0.6, 0.5, 0.42857142857142855, 0.375], "A4": [4, 2, 1.3333333333333333, 1, 0.8, 0.6666666666666666, 0.5714285714285714, 0.5], "A5": [5, 2.5, 1.6666666666666667, 1.25, 1, 0.8333333333333334, 0.7142857142857143, 0.625], "A6": [6, 3, 2, 1.5, 1.2, 1, 0.8571428571428571, 0.75], "A7": [7, 3.5, 2.3333333333333335, 1.75, 1.4, 1.1666666666666667, 1, 0.875], "A8": [8, 4, 2.6666666666666665, 2, 1.6, 1.3333333333333333, 1.1428571428571428, 1], "A1B1": [1, 4, 2, 1.3333333333333333], "A1B2": [0.25, 1, 0.5, 0.3333333333333333], "A1B3": [0.5, 2, 1, 0.6666666666666666], "A1B4": [0.75, 3, 1.5, 1], "A2B1": [1, 0.75, 3, 1.5], "A2B2": [1.3333333333333333, 1, 4, 2], "A2B3": [0.3333333333333333, 0.25, 1, 0.5], "A2B4": [0.6666666666666666, 0.5, 2, 1], "A3B1": [1, 0.6666666666666666, 0.5, 2], "A3B2": [1.5, 1, 0.75, 3], "A3B3": [2, 1.3333333333333333, 1, 4], "A3B4": [0.5, 0.3333333333333333, 0.25, 1], "A4B1": [1, 0.5, 0.3333333333333333, 0.25], "A4B2": [2, 1, 0.6666666666666666, 0.5], "A4B3": [3, 1.5, 1, 0.75], "A4B4": [4, 2, 1.3333333333333333, 1], "A5B1": [1, 4, 2, 1.3333333333333333], "A5B2": [0.25, 1, 0.5, 0.3333333333333333], "A5B3": [0.5, 2, 1, 0.6666666666666666], "A5B4": [0.75, 3, 1.5, 1], "A6B1": [1, 0.75, 3, 1.5], "A6B2": [1.3333333333333333, 1, 4, 2], "A6B3": [0.3333333333333333, 0.25, 1, 0.5], "A6B4": [0.6666666666666666, 0.5, 2, 1], "A7B1": [1, 0.6666666666666666, 0.5, 2], "A7B2": [1.5, 1, 0.75, 3], "A7B3": [2, 1.3333333333333333, 1, 4], "A7B4": [0.5, 0.3333333333333333, 0.25, 1], "A8B1": [1, 0.5, 0.3333333333333333, 0.25], "A8B2": [2, 1, 0.6666666666666666, 0.5], "A8B3": [3, 1.5, 1, 0.75], "A8B4": [4, 2, 1.3333333333333333, 1]}